{
  "general": {
    "logChat": true,
    "splitLog": true,
    "timestampChat": false,
    "timestampStyle": "militaryseconds",
    "timestampColor": "white",
    "antiSpam": false,
    "antiSpamPrejudice": 0.0,
    "unreadFlashing": true,
    "checkUpdates": true
  },
  "advanced": {
    "chatX": 0,
    "chatY": 281,
    "chatW": 382,
    "chatH": 228,
    "unfocHeight": 0.5,
    "fadeTime": 200,
    "historyLen": 100,
    "hideTag": false,
    "keepChatOpen": false,
    "spelling": true,
    "visibility": "normal"
  }
}